name,CMC,Type,Color,Set,Collector Number,Rarity,Color Category,status,Finish,board,maybeboard,image URL,image Back URL,tags,Notes,MTGO ID,Custom,Voucher
"Icatian Javelineers",1,"Creature - Human Soldier",W,"tsb","10",special,null,Not Owned,Non-foil,mainboard,false,,,"","",26041,false,false
"Shade of Trokair",4,"Creature - Shade",W,"plc","18",common,null,Not Owned,Non-foil,mainboard,false,,,"","",26415,false,false
"Amrou Scout",2,"Creature - Kithkin Rebel Scout",W,"tsp","1",common,null,Not Owned,Non-foil,mainboard,false,,,"","",25685,false,false
"Benalish Cavalry",2,"Creature - Human Knight",W,"tsp","4",common,null,Not Owned,Non-foil,mainboard,false,,,"","",25873,false,false
"Knight of the Holy Nimbus",2,"Creature - Human Rebel Knight",W,"tsp","26",uncommon,null,Not Owned,Non-foil,mainboard,false,,,"","",25833,false,false
"Mycologist",2,"Creature - Human Druid",W,"plc","27",uncommon,null,Not Owned,Non-foil,mainboard,false,,,"","",26315,false,false
"Serra Avenger",2,"Creature - Angel",W,"tsp","40",rare,null,Not Owned,Non-foil,mainboard,false,,,"","",25623,false,false
"Whitemane Lion",2,"Creature - Cat",W,"plc","22",common,null,Not Owned,Non-foil,mainboard,false,,,"","",26307,false,false
"Amrou Seekers",3,"Creature - Kithkin Rebel",W,"tsp","2",common,null,Not Owned,Non-foil,mainboard,false,,,"","",25615,false,false
"Aven Riftwatcher",3,"Creature - Bird Rebel Soldier",W,"plc","1",common,null,Not Owned,Non-foil,mainboard,false,,,"","",26207,false,false
"Defiant Vanguard",3,"Creature - Human Rebel",W,"tsb","5",special,null,Not Owned,Non-foil,mainboard,false,,,"","",26135,false,false
"Riftmarked Knight",3,"Creature - Human Rebel Knight",W,"plc","14",uncommon,null,Not Owned,Non-foil,mainboard,false,,,"","",26433,false,false
"Saltfield Recluse",3,"Creature - Human Rebel Cleric",W,"plc","16",common,null,Not Owned,Non-foil,mainboard,false,,,"","",26539,false,false
"Stonecloaker",3,"Creature - Gargoyle",W,"plc","19",uncommon,null,Not Owned,Non-foil,mainboard,false,,,"","",26305,false,false
"Calciderm",4,"Creature - Beast",W,"plc","23",uncommon,null,Not Owned,Non-foil,mainboard,false,,,"","",26247,false,false
"Cavalry Master",4,"Creature - Human Knight",W,"tsp","6",uncommon,null,Not Owned,Non-foil,mainboard,false,,,"","",25907,false,false
"Celestial Crusader",4,"Creature - Spirit",W,"tsp","7",uncommon,null,Not Owned,Non-foil,mainboard,false,,,"","",25923,false,false
"Pallid Mycoderm",4,"Creature - Fungus",W,"plc","10",common,null,Not Owned,Non-foil,mainboard,false,,,"","",26373,false,false
"Ramosian Revivalist",4,"Creature - Human Rebel Cleric",W,"fut","30",uncommon,null,Not Owned,Non-foil,mainboard,false,,,"","",26848,false,false
"Stormfront Riders",5,"Creature - Human Soldier",W,"plc","20",uncommon,null,Not Owned,Non-foil,mainboard,false,,,"","",26273,false,false
"Crovax, Ascendant Hero",6,"Legendary Creature - Human Noble",W,"plc","3",rare,null,Not Owned,Non-foil,mainboard,false,,,"","",26313,false,false
"Akroma, Angel of Wrath",8,"Legendary Creature - Angel",W,"tsb","1",special,null,Not Owned,Non-foil,mainboard,false,,,"","",26183,false,false
"Disenchant",2,"Instant",W,"tsb","6",special,null,Not Owned,Non-foil,mainboard,false,,,"","",25963,false,false
"Return to Dust",4,"Instant",W,"tsp","39",uncommon,null,Not Owned,Non-foil,mainboard,false,,,"","",25513,false,false
"Sunlance",1,"Sorcery",W,"plc","31",common,null,Not Owned,Non-foil,mainboard,false,,,"","",26245,false,false
"Resurrection",4,"Sorcery",W,"tsb","12",special,null,Not Owned,Non-foil,mainboard,false,,,"","",25979,false,false
"Temporal Isolation",2,"Enchantment - Aura",W,"tsp","43",common,null,Not Owned,Non-foil,mainboard,false,,,"","",25383,false,false
"Bound in Silence",3,"Kindred Enchantment - Rebel Aura",W,"fut","20",uncommon,null,Not Owned,Non-foil,mainboard,false,,,"","",26684,false,false
"Griffin Guide",3,"Enchantment - Aura",W,"tsp","21",uncommon,null,Not Owned,Non-foil,mainboard,false,,,"","",25567,false,false
"Sacred Mesa",3,"Enchantment",W,"tsb","13",special,null,Not Owned,Non-foil,mainboard,false,,,"","",26075,false,false
"Dreamscape Artist",2,"Creature - Human Spellshaper",U,"plc","40",common,null,Not Owned,Non-foil,mainboard,false,,,"","",26497,false,false
"Errant Ephemeron",7,"Creature - Illusion",U,"tsp","60",common,null,Not Owned,Non-foil,mainboard,false,,,"","",25473,false,false
"Looter il-Kor",2,"Creature - Kor Rogue",U,"tsp","66",common,null,Not Owned,Non-foil,mainboard,false,,,"","",25851,false,false
"Riftwing Cloudskate",5,"Creature - Illusion",U,"tsp","73",uncommon,null,Not Owned,Non-foil,mainboard,false,,,"","",25519,false,false
"Bonded Fetch",3,"Creature - Homunculus",U,"fut","50",uncommon,null,Not Owned,Non-foil,mainboard,false,,,"","",26802,false,false
"Shaper Parasite",3,"Creature - Illusion",U,"plc","46",common,null,Not Owned,Non-foil,mainboard,false,,,"","",26263,false,false
"Vesuvan Shapeshifter",5,"Creature - Shapeshifter",U,"tsp","90",rare,null,Not Owned,Non-foil,mainboard,false,,,"","",25949,false,false
"Willbender",2,"Creature - Human Wizard",U,"tsb","36",special,null,Not Owned,Non-foil,mainboard,false,,,"","",26187,false,false
"Venser, Shaper Savant",4,"Legendary Creature - Human Wizard",U,"fut","46",rare,null,Not Owned,Non-foil,mainboard,false,,,"","",26594,false,false
"Aeon Chronicler",5,"Creature - Avatar",U,"plc","32",rare,null,Not Owned,Non-foil,mainboard,false,,,"","",26295,false,false
"Body Double",5,"Creature - Shapeshifter",U,"plc","35",rare,null,Not Owned,Non-foil,mainboard,false,,,"","",26351,false,false
"Teferi, Mage of Zhalfir",5,"Legendary Creature - Human Wizard",U,"tsp","83",rare,null,Not Owned,Non-foil,mainboard,false,,,"","",25367,false,false
"Draining Whelk",6,"Creature - Illusion",U,"tsp","57",rare,null,Not Owned,Non-foil,mainboard,false,,,"","",25587,false,false
"Brine Elemental",6,"Creature - Elemental",U,"tsp","50",uncommon,null,Not Owned,Non-foil,mainboard,false,,,"","",25901,false,false
"Snapback",2,"Instant",U,"tsp","78",common,null,Not Owned,Non-foil,mainboard,false,,,"","",25459,false,false
"Pongify",1,"Instant",U,"plc","44",uncommon,null,Not Owned,Non-foil,mainboard,false,,,"","",26453,false,false
"Delay",2,"Instant",U,"fut","35",uncommon,null,Not Owned,Non-foil,mainboard,false,,,"","",26952,false,false
"Logic Knot",2,"Instant",U,"fut","52",common,null,Not Owned,Non-foil,mainboard,false,,,"","",26616,false,false
"Think Twice",2,"Instant",U,"tsp","86",common,null,Not Owned,Non-foil,mainboard,false,,,"","",25419,false,false
"Trickbind",2,"Instant",U,"tsp","88",rare,null,Not Owned,Non-foil,mainboard,false,,,"","",25553,false,false
"Cancel",3,"Instant",U,"tsp","51",common,null,Not Owned,Non-foil,mainboard,false,,,"","",25631,false,false
"Wipe Away",3,"Instant",U,"tsp","94",uncommon,null,Not Owned,Non-foil,mainboard,false,,,"","",25839,false,false
"Careful Consideration",4,"Instant",U,"tsp","52",uncommon,null,Not Owned,Non-foil,mainboard,false,,,"","",25501,false,false
"Pact of Negation",0,"Instant",U,"fut","42",rare,null,Not Owned,Non-foil,mainboard,false,,,"","",26758,false,false
"Spell Burst",1,"Instant",U,"tsp","79",uncommon,null,Not Owned,Non-foil,mainboard,false,,,"","",25511,false,false
"Ancestral Vision",0,"Sorcery",U,"tsp","48",rare,null,Not Owned,Non-foil,mainboard,false,,,"","",25609,false,false
"Foresee",4,"Sorcery",U,"fut","36",common,null,Not Owned,Non-foil,mainboard,false,,,"","",26726,false,false
"Big Game Hunter",3,"Creature - Human Rebel Assassin",B,"plc","63",uncommon,null,Not Owned,Non-foil,mainboard,false,,,"","",26493,false,false
"Blightspeaker",2,"Creature - Human Rebel Cleric",B,"plc","64",common,null,Not Owned,Non-foil,mainboard,false,,,"","",26369,false,false
"Gorgon Recluse",5,"Creature - Gorgon",B,"tsp","111",common,null,Not Owned,Non-foil,mainboard,false,,,"","",25857,false,false
"Grave Scrabbler",4,"Creature - Zombie",B,"fut","86",common,null,Not Owned,Non-foil,mainboard,false,,,"","",26770,false,false
"Undertaker",2,"Creature - Human Spellshaper",B,"tsb","53",special,null,Not Owned,Non-foil,mainboard,false,,,"","",26133,false,false
"Basal Sliver",3,"Creature - Sliver",B,"tsp","96",common,null,Not Owned,Non-foil,mainboard,false,,,"","",25393,false,false
"Deepcavern Imp",3,"Creature - Imp Rebel",B,"fut","83",common,null,Not Owned,Non-foil,mainboard,false,,,"","",26798,false,false
"Urborg Syphon-Mage",3,"Creature - Human Spellshaper",B,"tsp","139",common,null,Not Owned,Non-foil,mainboard,false,,,"","",25401,false,false
"Tombstalker",8,"Creature - Demon",B,"fut","91",rare,null,Not Owned,Non-foil,mainboard,false,,,"","",26944,false,false
"Vampiric Sliver",4,"Creature - Sliver",B,"tsp","140",uncommon,null,Not Owned,Non-foil,mainboard,false,,,"","",25821,false,false
"Spitting Sliver",5,"Creature - Sliver",B,"plc","80",common,null,Not Owned,Non-foil,mainboard,false,,,"","",26401,false,false
"Twisted Abomination",6,"Creature - Zombie Mutant",B,"tsb","50",special,null,Not Owned,Non-foil,mainboard,false,,,"","",26199,false,false
"Avatar of Woe",8,"Creature - Avatar",B,"tsb","37",special,null,Not Owned,Non-foil,mainboard,false,,,"","",26137,false,false
"Dark Withering",6,"Instant",B,"tsp","101",common,null,Not Owned,Non-foil,mainboard,false,,,"","",25811,false,false
"Death Rattle",6,"Instant",B,"fut","82",common,null,Not Owned,Non-foil,mainboard,false,,,"","",26814,false,false
"Slaughter Pact",0,"Instant",B,"fut","78",rare,null,Not Owned,Non-foil,mainboard,false,,,"","",26762,false,false
"Sudden Death",3,"Instant",B,"tsp","134",uncommon,null,Not Owned,Non-foil,mainboard,false,,,"","",25743,false,false
"Sudden Spoiling",3,"Instant",B,"tsp","135",rare,null,Not Owned,Non-foil,mainboard,false,,,"","",25633,false,false
"Tendrils of Corruption",4,"Instant",B,"tsp","136",common,null,Not Owned,Non-foil,mainboard,false,,,"","",25373,false,false
"Ichor Slick",3,"Sorcery",B,"fut","68",common,null,Not Owned,Non-foil,mainboard,false,,,"","",26738,false,false
"Stupor",3,"Sorcery",B,"tsb","48",special,null,Not Owned,Non-foil,mainboard,false,,,"","",26079,false,false
"Damnation",4,"Sorcery",B,"plc","85",rare,null,Not Owned,Non-foil,mainboard,false,,,"","",26279,false,false
"Dread Return",4,"Sorcery",B,"tsp","104",uncommon,null,Not Owned,Non-foil,mainboard,false,,,"","",25733,false,false
"Greater Gargadon",10,"Creature - Beast",R,"tsp","161",rare,null,Not Owned,Non-foil,mainboard,false,,,"","",25581,false,false
"Magus of the Scroll",1,"Creature - Human Wizard",R,"tsp","169",rare,null,Not Owned,Non-foil,mainboard,false,,,"","",25921,false,false
"Keldon Marauders",2,"Creature - Human Warrior",R,"plc","102",common,null,Not Owned,Non-foil,mainboard,false,,,"","",26389,false,false
"Mogg War Marshal",2,"Creature - Goblin Warrior",R,"tsp","170",common,null,Not Owned,Non-foil,mainboard,false,,,"","",25757,false,false
"Stingscourger",2,"Creature - Goblin Warrior",R,"plc","107",common,null,Not Owned,Non-foil,mainboard,false,,,"","",26499,false,false
"Two-Headed Sliver",2,"Creature - Sliver",R,"tsp","183",common,null,Not Owned,Non-foil,mainboard,false,,,"","",25433,false,false
"Homing Sliver",3,"Creature - Sliver",R,"fut","118",common,null,Not Owned,Non-foil,mainboard,false,,,"","",26630,false,false
"Jaya Ballard, Task Mage",3,"Legendary Creature - Human Spellshaper",R,"tsp","166",rare,null,Not Owned,Non-foil,mainboard,false,,,"","",25541,false,false
"Reckless Wurm",5,"Creature - Wurm",R,"plc","120",uncommon,null,Not Owned,Non-foil,mainboard,false,,,"","",26435,false,false
"Avalanche Riders",4,"Creature - Human Nomad",R,"tsb","55",special,null,Not Owned,Non-foil,mainboard,false,,,"","",26123,false,false
"Detritivore",4,"Creature - Lhurgoyf",R,"plc","96",rare,null,Not Owned,Non-foil,mainboard,false,,,"","",26505,false,false
"Akroma, Angel of Fury",8,"Legendary Creature - Angel",R,"plc","94",rare,null,Not Owned,Non-foil,mainboard,false,,,"","",26285,false,false
"Fury Sliver",6,"Creature - Sliver",R,"tsp","157",uncommon,null,Not Owned,Non-foil,mainboard,false,,,"","",25527,false,false
"Bogardan Hellkite",8,"Creature - Dragon",R,"tsp","147",rare,null,Not Owned,Non-foil,mainboard,false,,,"","",25577,false,false
"Brute Force",1,"Instant",R,"plc","116",common,null,Not Owned,Non-foil,mainboard,false,,,"","",26259,false,false
"Fiery Temper",3,"Instant",R,"tsb","62",special,null,Not Owned,Non-foil,mainboard,false,,,"","",26177,false,false
"Lightning Axe",1,"Instant",R,"tsp","168",common,null,Not Owned,Non-foil,mainboard,false,,,"","",25667,false,false
"Sudden Shock",2,"Instant",R,"tsp","179",uncommon,null,Not Owned,Non-foil,mainboard,false,,,"","",25697,false,false
"Sulfurous Blast",4,"Instant",R,"tsp","180",uncommon,null,Not Owned,Non-foil,mainboard,false,,,"","",25495,false,false
"Word of Seizing",5,"Instant",R,"tsp","188",rare,null,Not Owned,Non-foil,mainboard,false,,,"","",25777,false,false
"Rift Bolt",3,"Sorcery",R,"tsp","176",common,null,Not Owned,Non-foil,mainboard,false,,,"","",25477,false,false
"Disintegrate",1,"Sorcery",R,"tsb","58",special,null,Not Owned,Non-foil,mainboard,false,,,"","",25965,false,false
"Molten Disaster",2,"Sorcery",R,"fut","102",rare,null,Not Owned,Non-foil,mainboard,false,,,"","",26862,false,false
"Pyrohemia",4,"Enchantment",R,"plc","119",uncommon,null,Not Owned,Non-foil,mainboard,false,,,"","",26487,false,false
"Utopia Mycon",1,"Creature - Fungus",G,"fut","140",uncommon,null,Not Owned,Non-foil,mainboard,false,,,"","",26714,false,false
"Gemhide Sliver",2,"Creature - Sliver",G,"tsp","196",common,null,Not Owned,Non-foil,mainboard,false,,,"","",25855,false,false
"Tarmogoyf",2,"Creature - Lhurgoyf",G,"fut","153",rare,null,Not Owned,Non-foil,mainboard,false,,,"","",26844,false,false
"Thallid Shell-Dweller",2,"Creature - Fungus",G,"tsp","226",common,null,Not Owned,Non-foil,mainboard,false,,,"","",25345,false,false
"Vitaspore Thallid",2,"Creature - Fungus",G,"plc","143",common,null,Not Owned,Non-foil,mainboard,false,,,"","",26439,false,false
"Wall of Roots",2,"Creature - Plant Wall",G,"tsb","89",special,null,Not Owned,Non-foil,mainboard,false,,,"","",26081,false,false
"Psychotrope Thallid",3,"Creature - Fungus",G,"plc","137",uncommon,null,Not Owned,Non-foil,mainboard,false,,,"","",26441,false,false
"Thallid Germinator",3,"Creature - Fungus",G,"tsp","225",common,null,Not Owned,Non-foil,mainboard,false,,,"","",25719,false,false
"Yavimaya Dryad",3,"Creature - Dryad",G,"tsp","235",uncommon,null,Not Owned,Non-foil,mainboard,false,,,"","",25801,false,false
"Penumbra Spider",4,"Creature - Spider",G,"tsp","210",common,null,Not Owned,Non-foil,mainboard,false,,,"","",25819,false,false
"Reflex Sliver",4,"Creature - Sliver",G,"plc","138",common,null,Not Owned,Non-foil,mainboard,false,,,"","",26397,false,false
"Sporesower Thallid",4,"Creature - Fungus",G,"tsp","220",uncommon,null,Not Owned,Non-foil,mainboard,false,,,"","",25593,false,false
"Might Sliver",5,"Creature - Sliver",G,"tsp","205",uncommon,null,Not Owned,Non-foil,mainboard,false,,,"","",25579,false,false
"Sporoloth Ancient",5,"Creature - Fungus",G,"fut","152",common,null,Not Owned,Non-foil,mainboard,false,,,"","",26672,false,false
"Thelonite Hermit",4,"Creature - Elf Shaman",G,"tsp","228",rare,null,Not Owned,Non-foil,mainboard,false,,,"","",25917,false,false
"Deadwood Treefolk",6,"Creature - Treefolk",G,"plc","126",uncommon,null,Not Owned,Non-foil,mainboard,false,,,"","",26209,false,false
"Verdeloth the Ancient",6,"Legendary Creature - Treefolk",G,"tsb","88",special,null,Not Owned,Non-foil,mainboard,false,,,"","",26143,false,false
"Might of Old Krosa",1,"Instant",G,"tsp","204",uncommon,null,Not Owned,Non-foil,mainboard,false,,,"","",25549,false,false
"Evolution Charm",2,"Instant",G,"plc","127",common,null,Not Owned,Non-foil,mainboard,false,,,"","",26327,false,false
"Krosan Grip",3,"Instant",G,"tsp","202",uncommon,null,Not Owned,Non-foil,mainboard,false,,,"","",25915,false,false
"Stonewood Invocation",4,"Instant",G,"tsp","223",rare,null,Not Owned,Non-foil,mainboard,false,,,"","",25807,false,false
"Sprout Swarm",2,"Instant",G,"fut","138",common,null,Not Owned,Non-foil,mainboard,false,,,"","",26812,false,false
"Search for Tomorrow",3,"Sorcery",G,"tsp","216",common,null,Not Owned,Non-foil,mainboard,false,,,"","",25405,false,false
"Edge of Autumn",2,"Sorcery",G,"fut","144",common,null,Not Owned,Non-foil,mainboard,false,,,"","",26598,false,false
"Call of the Herd",3,"Sorcery",G,"tsb","74",special,null,Not Owned,Non-foil,mainboard,false,,,"","",26171,false,false
"Harmonize",4,"Sorcery",G,"plc","149",uncommon,null,Not Owned,Non-foil,mainboard,false,,,"","",26249,false,false
"Mwonvuli Acid-Moss",4,"Sorcery",G,"tsp","207",common,null,Not Owned,Non-foil,mainboard,false,,,"","",25805,false,false
"Epochrasite",2,"Artifact Creature - Construct",,"fut","162",rare,null,Not Owned,Non-foil,mainboard,false,,,"","",26846,false,false
"Gathan Raiders",5,"Creature - Human Warrior",R,"fut","99",common,null,Not Owned,Non-foil,mainboard,false,,,"","",26590,false,false
"Lotus Bloom",0,"Artifact",,"tsp","259",rare,null,Not Owned,Non-foil,mainboard,false,,,"","",25691,false,false
"Chromatic Star",1,"Artifact",,"tsp","251",common,null,Not Owned,Non-foil,mainboard,false,,,"","",25809,false,false
"Hivestone",2,"Artifact",,"tsp","256",rare,null,Not Owned,Non-foil,mainboard,false,,,"","",25945,false,false
"Prismatic Lens",2,"Artifact",,"tsp","262",common,null,Not Owned,Non-foil,mainboard,false,,,"","",25793,false,false
"Coalition Relic",3,"Artifact",,"fut","161",rare,null,Not Owned,Non-foil,mainboard,false,,,"","",26926,false,false
"Serrated Arrows",4,"Artifact",,"tsb","114",special,null,Not Owned,Non-foil,mainboard,false,,,"","",26065,false,false
"Momentary Blink",2,"Instant",W,"tsp","29",common,null,Not Owned,Non-foil,mainboard,false,,,"","",25533,false,false
"Shadowmage Infiltrator",3,"Creature - Human Wizard",BU,"tsb","99",special,null,Not Owned,Non-foil,mainboard,false,,,"","",26173,false,false
"Mystical Teachings",4,"Instant",U,"tsp","69",common,null,Not Owned,Non-foil,mainboard,false,,,"","",25589,false,false
"Sedge Sliver",3,"Creature - Sliver",R,"tsp","177",rare,null,Not Owned,Non-foil,mainboard,false,,,"","",25849,false,false
"Strangling Soot",3,"Instant",B,"tsp","132",common,null,Not Owned,Non-foil,mainboard,false,,,"","",25515,false,false
"Firewake Sliver",3,"Creature - Sliver",GR,"tsp","238",uncommon,null,Not Owned,Non-foil,mainboard,false,,,"","",25531,false,false
"Stormbind",3,"Enchantment",GR,"tsb","102",special,null,Not Owned,Non-foil,mainboard,false,,,"","",26057,false,false
"Harmonic Sliver",3,"Creature - Sliver",GW,"tsp","240",uncommon,null,Not Owned,Non-foil,mainboard,false,,,"","",25509,false,false
"Thelon of Havenwood",2,"Legendary Creature - Elf Druid",G,"tsp","227",rare,null,Not Owned,Non-foil,mainboard,false,,,"","",25755,false,false
"Mystic Snake",4,"Creature - Snake",GU,"tsb","97",special,null,Not Owned,Non-foil,mainboard,false,,,"","",26163,false,false
"Calciform Pools",0,"Land",,"tsp","270",uncommon,null,Not Owned,Non-foil,mainboard,false,,,"","",25483,false,false
"Nimbus Maze",0,"Land",,"fut","178",rare,null,Not Owned,Non-foil,mainboard,false,,,"","",26818,false,false
"Dreadship Reef",0,"Land",,"tsp","271",uncommon,null,Not Owned,Non-foil,mainboard,false,,,"","",25413,false,false
"River of Tears",0,"Land",,"fut","179",rare,null,Not Owned,Non-foil,mainboard,false,,,"","",26656,false,false
"Graven Cairns",0,"Land",,"fut","175",rare,null,Not Owned,Non-foil,mainboard,false,,,"","",26702,false,false
"Molten Slagheap",0,"Land",,"tsp","276",uncommon,null,Not Owned,Non-foil,mainboard,false,,,"","",25441,false,false
"Fungal Reaches",0,"Land",,"tsp","273",uncommon,null,Not Owned,Non-foil,mainboard,false,,,"","",25397,false,false
"Grove of the Burnwillows",0,"Land",,"fut","176",rare,null,Not Owned,Non-foil,mainboard,false,,,"","",26710,false,false
"Horizon Canopy",0,"Land",,"fut","177",rare,null,Not Owned,Non-foil,mainboard,false,,,"","",26700,false,false
"Saltcrusted Steppe",0,"Land",,"tsp","277",uncommon,null,Not Owned,Non-foil,mainboard,false,,,"","",25425,false,false
"Gemstone Mine",0,"Land",,"tsb","119",special,null,Not Owned,Non-foil,mainboard,false,,,"","",26099,false,false
"Llanowar Reborn",0,"Land",,"fut","171",uncommon,null,Not Owned,Non-foil,mainboard,false,,,"","",26808,false,false
"Pendelhaven",0,"Legendary Land",,"tsb","120",special,null,Not Owned,Non-foil,mainboard,false,,,"","",26015,false,false
"Terramorphic Expanse",0,"Land",,"tsp","279",common,null,Not Owned,Non-foil,mainboard,false,,,"","",25785,false,false
"Urborg, Tomb of Yawgmoth",0,"Legendary Land",,"plc","165",rare,null,Not Owned,Non-foil,mainboard,false,,,"","",26479,false,false
"Urza's Factory",0,"Land - Urza's",,"tsp","280",uncommon,null,Not Owned,Non-foil,mainboard,false,,,"","",25723,false,false
"Vesuva",0,"Land",,"tsp","281",rare,null,Not Owned,Non-foil,mainboard,false,,,"","",25657,false,false
"Blade of the Sixth Pride",2,"Creature - Cat Rebel",W,"fut","19",common,null,Not Owned,Non-foil,mainboard,false,,,"","",26734,false,false
"Errant Doomsayers",2,"Creature - Human Rebel",W,"tsp","15",common,null,Not Owned,Non-foil,mainboard,false,,,"","",25717,false,false
"Dream Stalker",2,"Creature - Illusion",U,"tsp","58",common,null,Not Owned,Non-foil,mainboard,false,,,"","",25439,false,false
"Frenzy Sliver",2,"Creature - Sliver",B,"fut","85",common,null,Not Owned,Non-foil,mainboard,false,,,"","",26644,false,false
"Rathi Trapper",2,"Creature - Human Rebel Rogue",B,"plc","90",common,null,Not Owned,Non-foil,mainboard,false,,,"","",26463,false,false
"Thick-Skinned Goblin",2,"Creature - Goblin Shaman",R,"tsp","182",uncommon,null,Not Owned,Non-foil,mainboard,false,,,"","",25507,false,false
"Bonesplitter Sliver",4,"Creature - Sliver",R,"tsp","149",common,null,Not Owned,Non-foil,mainboard,false,,,"","",25503,false,false
"Battering Sliver",6,"Creature - Sliver",R,"plc","95",common,null,Not Owned,Non-foil,mainboard,false,,,"","",26425,false,false
"Firemaw Kavu",6,"Creature - Kavu",R,"tsp","153",uncommon,null,Not Owned,Non-foil,mainboard,false,,,"","",25591,false,false
"Dead // Gone",4,"Instant",R,"plc","113",common,null,Not Owned,Non-foil,mainboard,false,,,"","",26517,false,false
"Boom // Bust",8,"Sorcery",R,"plc","112",rare,null,Not Owned,Non-foil,mainboard,false,,,"","",26515,false,false
"Radha, Heir to Keld",2,"Legendary Creature - Elf Warrior",GR,"plc","162",rare,null,Not Owned,Non-foil,mainboard,false,,,"","",26447,false,false
"Necrotic Sliver",3,"Creature - Sliver",BW,"plc","159",uncommon,null,Not Owned,Non-foil,mainboard,false,,,"","",26553,false,false
"Darkheart Sliver",2,"Creature - Sliver",BG,"plc","155",uncommon,null,Not Owned,Non-foil,mainboard,false,,,"","",26393,false,false
